scenario,population,visits,n_patients,interval_mult,estimator,bias_mean,abs_err_mean,reps,visits_mean,bias_mcse,abs_err_mcse
A_size,heterogeneous,informative,250,1.0,crude,-0.203,0.3524,5,7211.0,0.0198,0.0162
A_size,heterogeneous,informative,250,1.0,oracle,-0.0876,0.3077,5,7211.0,0.0214,0.016
A_size,heterogeneous,informative,250,1.0,panel,-0.0671,0.3168,5,7211.0,0.0249,0.0183
A_size,heterogeneous,informative,500,1.0,crude,-0.2137,0.3168,5,14392.4,0.0173,0.0125
A_size,heterogeneous,informative,500,1.0,oracle,-0.1023,0.2743,5,14392.4,0.0202,0.0103
A_size,heterogeneous,informative,500,1.0,panel,-0.0894,0.2721,5,14392.4,0.0223,0.0131
A_size,heterogeneous,informative,1000,1.0,crude,-0.2035,0.3138,5,28599.8,0.0097,0.0072
A_size,heterogeneous,informative,1000,1.0,oracle,-0.0929,0.2551,5,28599.8,0.0116,0.0059
A_size,heterogeneous,informative,1000,1.0,panel,-0.0786,0.2577,5,28599.8,0.013,0.0071
A_size,heterogeneous,informative,2000,1.0,crude,-0.2056,0.3133,5,57066.2,0.0046,0.0063
A_size,heterogeneous,informative,2000,1.0,oracle,-0.0983,0.2415,5,57066.2,0.0066,0.0064
A_size,heterogeneous,informative,2000,1.0,panel,-0.0823,0.2391,5,57066.2,0.0071,0.0099
A_size,heterogeneous,informative,4000,1.0,crude,-0.2059,0.3096,5,113629.4,0.0063,0.0049
A_size,heterogeneous,informative,4000,1.0,oracle,-0.1006,0.2404,5,113629.4,0.0067,0.0034
A_size,heterogeneous,informative,4000,1.0,panel,-0.083,0.2375,5,113629.4,0.007,0.0062
A_size,homogeneous,informative,250,1.0,crude,-0.1341,0.2414,5,7548.2,0.0198,0.0199
A_size,homogeneous,informative,250,1.0,oracle,0.0211,0.1641,5,7548.2,0.0287,0.0093
A_size,homogeneous,informative,250,1.0,panel,0.092,0.274,5,7548.2,0.0325,0.0185
A_size,homogeneous,informative,500,1.0,crude,-0.148,0.2023,5,14971.8,0.015,0.0087
A_size,homogeneous,informative,500,1.0,oracle,0.0111,0.1165,5,14971.8,0.0172,0.0074
A_size,homogeneous,informative,500,1.0,panel,0.0684,0.2059,5,14971.8,0.0156,0.0043
A_size,homogeneous,informative,1000,1.0,crude,-0.1508,0.1964,5,30027.4,0.0148,0.0062
A_size,homogeneous,informative,1000,1.0,oracle,-0.0007,0.0848,5,30027.4,0.016,0.0071
A_size,homogeneous,informative,1000,1.0,panel,0.0574,0.1692,5,30027.4,0.0155,0.0085
A_size,homogeneous,informative,2000,1.0,crude,-0.1492,0.1697,5,59674.6,0.0106,0.0017
A_size,homogeneous,informative,2000,1.0,oracle,-0.0024,0.0603,5,59674.6,0.0118,0.0051
A_size,homogeneous,informative,2000,1.0,panel,0.0569,0.1477,5,59674.6,0.0126,0.0078
A_size,homogeneous,informative,4000,1.0,crude,-0.1472,0.1581,5,119920.0,0.006,0.0028
A_size,homogeneous,informative,4000,1.0,oracle,-0.0001,0.0371,5,119920.0,0.0061,0.0016
A_size,homogeneous,informative,4000,1.0,panel,0.0576,0.1314,5,119920.0,0.0059,0.0043
B_visits,homogeneous,non-informative,1000,0.5,crude,-0.1285,0.1853,5,49876.6,0.0144,0.0076
B_visits,homogeneous,non-informative,1000,0.5,oracle,0.0001,0.0867,5,49876.6,0.0119,0.0084
B_visits,homogeneous,non-informative,1000,0.5,panel,-0.0009,0.1032,5,49876.6,0.0148,0.0096
B_visits,homogeneous,non-informative,1000,2.0,crude,-0.3342,0.3872,5,13170.2,0.0153,0.0106
B_visits,homogeneous,non-informative,1000,2.0,oracle,-0.0059,0.0763,5,13170.2,0.0131,0.0051
B_visits,homogeneous,non-informative,1000,2.0,panel,-0.0026,0.1254,5,13170.2,0.0167,0.0111
C_noninf,homogeneous,non-informative,250,1.0,crude,-0.1958,0.2888,5,6485.0,0.0074,0.0217
C_noninf,homogeneous,non-informative,250,1.0,oracle,0.018,0.1718,5,6485.0,0.0122,0.0164
C_noninf,homogeneous,non-informative,250,1.0,panel,0.0136,0.2119,5,6485.0,0.0137,0.0299
C_noninf,homogeneous,non-informative,500,1.0,crude,-0.2113,0.2848,5,12880.6,0.0114,0.0084
C_noninf,homogeneous,non-informative,500,1.0,oracle,0.0112,0.1265,5,12880.6,0.0062,0.0047
C_noninf,homogeneous,non-informative,500,1.0,panel,0.0009,0.1598,5,12880.6,0.0103,0.0196
C_noninf,homogeneous,non-informative,1000,1.0,crude,-0.2142,0.2604,5,25882.0,0.008,0.007
C_noninf,homogeneous,non-informative,1000,1.0,oracle,0.0057,0.0868,5,25882.0,0.0072,0.0045
C_noninf,homogeneous,non-informative,1000,1.0,panel,0.0002,0.1045,5,25882.0,0.0092,0.0089
C_noninf,homogeneous,non-informative,2000,1.0,crude,-0.2067,0.247,5,51757.8,0.0065,0.0022
C_noninf,homogeneous,non-informative,2000,1.0,oracle,0.0025,0.054,5,51757.8,0.0062,0.0042
C_noninf,homogeneous,non-informative,2000,1.0,panel,0.0036,0.0687,5,51757.8,0.0075,0.0054
C_noninf,homogeneous,non-informative,4000,1.0,crude,-0.2101,0.2452,5,103092.6,0.0056,0.0039
C_noninf,homogeneous,non-informative,4000,1.0,oracle,0.0033,0.0385,5,103092.6,0.0024,0.0022
C_noninf,homogeneous,non-informative,4000,1.0,panel,0.001,0.0487,5,103092.6,0.0039,0.0048
